@@ -0,0 +1,60 @@
/*!40101 SET NAMES utf8 */;
/*!40014 SET FOREIGN_KEY_CHECKS=0 */;
/*!40101 SET SQL_MODE='NO_AUTO_VALUE_ON_ZERO' */;
/*!40111 SET SQL_NOTES=0 */;
CREATE DATABASE /*!32312 IF NOT EXISTS*/ Store /*!40100 DEFAULT CHARACTER SET utf8mb4 */;
USE Store;

DROP TABLE IF EXISTS Comments;
CREATE TABLE `Comments` (
  `id_cmnts` int NOT NULL AUTO_INCREMENT,
  `id_user` int unsigned NOT NULL,
  `id_product` int NOT NULL,
  `comment` text NOT NULL,
  `starts` int NOT NULL,
  `created_at` datetime DEFAULT NULL,
  `update_at` datetime DEFAULT NULL,
  PRIMARY KEY (`id_cmnts`),
  KEY `id_user` (`id_user`),
  KEY `id_product` (`id_product`),
  CONSTRAINT `comments_ibfk_1` FOREIGN KEY (`id_user`) REFERENCES `users` (`id`) ON DELETE CASCADE,
  CONSTRAINT `comments_ibfk_2` FOREIGN KEY (`id_product`) REFERENCES `products` (`id`)
) ENGINE=InnoDB AUTO_INCREMENT=11 DEFAULT CHARSET=utf8mb4 COLLATE=utf8mb4_0900_ai_ci;

DROP TABLE IF EXISTS product_img;
CREATE TABLE `product_img` (
  `id` int NOT NULL AUTO_INCREMENT COMMENT 'Primary Key',
  `id_product` int NOT NULL,
  `url_img` varchar(255) DEFAULT NULL,
  PRIMARY KEY (`id`),
  KEY `id_product` (`id_product`),
  CONSTRAINT `product_img_ibfk_1` FOREIGN KEY (`id_product`) REFERENCES `products` (`id`)
) ENGINE=InnoDB AUTO_INCREMENT=5 DEFAULT CHARSET=utf8mb3;

DROP TABLE IF EXISTS products;
CREATE TABLE `products` (
  `id` int NOT NULL AUTO_INCREMENT COMMENT 'Primary Key',
  `titre` varchar(255) NOT NULL,
  `price` float(10,2) NOT NULL,
  `id_df_img` varchar(255) DEFAULT NULL,
  `content` text CHARACTER SET utf8 COLLATE utf8_general_ci,
  `create_time` datetime DEFAULT NULL COMMENT 'Create Time',
  `update_time` datetime DEFAULT NULL COMMENT 'Update Time',
  PRIMARY KEY (`id`),
  KEY `id_df_img` (`id_df_img`)
) ENGINE=InnoDB AUTO_INCREMENT=3 DEFAULT CHARSET=utf8mb3;

DROP TABLE IF EXISTS users;
CREATE TABLE `users` (
  `id` int unsigned NOT NULL AUTO_INCREMENT,
  `username` varchar(255) NOT NULL,
  `password` varchar(255) NOT NULL,
  PRIMARY KEY (`id`)
) ENGINE=InnoDB AUTO_INCREMENT=4 DEFAULT CHARSET=utf8mb4 COLLATE=utf8mb4_0900_ai_ci;

INSERT INTO Comments(id_cmnts,id_user,id_product,comment,starts,created_at,update_at) VALUES(6,1,1,X'5768656e207368652072656163686564207468652066697273742068696c6c73206f6620746865204974616c6963204d6f756e7461696e732c20736865206861642061206c6173742076696577206261636b206f6e2074686520736b796c696e65206f662068657220686f6d65746f776e20426f6f6b6d61726b7367726f76',1,'2021-12-25 01:05:07',NULL),(7,2,1,X'616c697175616d20766573746962756c756d206d6f72626920626c616e6469742e20456e696d206e756e6320666175636962757320612070656c6c656e7465737175652073697420616d657420706f72747469746f722e20506c617465612064696374756d737420766573746962756c756d2072686f6e637573206573742070656c6c656e74657371756520656c697420756c6c616d636f72706572206469676e697373696d20637261732e204d617474697320616c697175616d20666175636962757320707572757320696e206d617373612074656d706f72206e65632066657567696174206e69736c2e',5,'2021-12-25 01:05:45',NULL),(8,1,2,X'536f6c6c696369747564696e206e6962682073697420616d657420636f6d6d6f646f206e756c6c612e204a7573746f20646f6e656320656e696d206469616d2076756c7075746174652075742070686172657472612073697420616d65742e20456765737461732065676573746173206672696e67696c6c612070686173656c6c7573206661756369627573207363656c657269737175652e204d6175726973206175677565206e65717565206772617669646120696e206665726d656e74756d20657420736f6c6c696369747564696e2e',2,'2021-12-25 01:10:37',NULL),(9,2,2,X'4174206175677565206567657420617263752064696374756d2076617269757320647569732e20456c6974207363656c65726973717565206d61757269732070656c6c656e7465737175652070756c76696e61722070656c6c656e746573717565206861626974616e74206d6f726269207472697374697175652073656e65637475732e20456e696d2073697420616d65742076656e656e617469732075726e61206375727375732065676574206e756e63207363656c657269737175652e205072657469756d20766976657272612073757370656e646973736520706f74656e7469206e756c6c616d20616320746f72746f722076697461652e',4,'2021-12-25 01:10:46',NULL);

INSERT INTO product_img(id,id_product,url_img) VALUES(1,1,'item-1.jpg'),(2,1,'item-2.jpg'),(3,2,'item-3.jpg'),(4,2,'item-4.jpg');

INSERT INTO products(id,titre,price,id_df_img,content,create_time,update_time) VALUES(1,'WOMEN\'S BOOTS SHOES MACA',190.00,'item-1.jpg',X'4c6f72656d20497073756d2069732073696d706c792064756d6d792074657874206f6620746865207072696e74696e6720616e64207479706573657474696e6720696e6475737472792e204c6f72656d20497073756d20686173206265656e2074686520696e6475737472792773207374616e646172642064756d6d79207465787420657665722073696e6365207468652031353030732c207768656e20616e20756e6b6e6f776e207072696e74657220746f6f6b20612067616c6c6579206f66207479706520616e6420736372616d626c656420697420746f206d616b65206120747970652073706563696d656e20626f6f6b2e20497420686173207375727669766564206e6f74206f6e6c7920666976652063656e7475726965732c2062757420616c736f20746865206c65617020696e746f20656c656374726f6e6963207479706573657474696e672c2072656d61696e696e6720657373656e7469616c6c7920756e6368616e6765642e2049742077617320706f70756c61726973656420696e207468652031393630732077697468207468652072656c65617365206f66204c657472617365742073686565747320636f6e7461696e696e67204c6f72656d20497073756d2070617373616765732c20616e64206d6f726520726563656e746c792077697468206465736b746f70207075626c697368696e6720736f667477617265206c696b6520416c64757320506167654d616b657220696e636c7564696e672076657273696f6e73206f66204c6f72656d20497073756d2e','2021-12-23 19:07:08','2021-12-23 19:07:08'),(2,'WOMEN\'S MINAM MEAGHAN',150.00,'item-3.jpg',X'49742069732061206c6f6e672065737461626c6973686564206661637420746861742061207265616465722077696c6c206265206469737472616374656420627920746865207265616461626c6520636f6e74656e74206f6620612070616765207768656e206c6f6f6b696e6720617420697473206c61796f75742e2054686520706f696e74206f66207573696e67204c6f72656d20497073756d2069732074686174206974206861732061206d6f72652d6f722d6c657373206e6f726d616c20646973747269627574696f6e206f66206c6574746572732c206173206f70706f73656420746f207573696e672027436f6e74656e7420686572652c20636f6e74656e742068657265272c206d616b696e67206974206c6f6f6b206c696b65207265616461626c6520456e676c6973682e204d616e79206465736b746f70207075626c697368696e67207061636b6167657320616e6420776562207061676520656469746f7273206e6f7720757365204c6f72656d20497073756d2061732074686569722064656661756c74206d6f64656c20746578742c20616e6420612073656172636820666f7220276c6f72656d20697073756d272077696c6c20756e636f766572206d616e7920776562207369746573207374696c6c20696e20746865697220696e66616e63792e20566172696f75732076657273696f6e7320686176652065766f6c766564206f766572207468652079656172732c20736f6d6574696d6573206279206163636964656e742c20736f6d6574696d6573206f6e20707572706f73652028696e6a65637465642068756d6f757220616e6420746865206c696b65292e','2021-12-23 20:07:08','2021-12-23 20:07:08');
INSERT INTO users(id,username,password) VALUES(1,'user1','b3daa77b4c04a9551b8781d03191fe098f325e67'),(2,'user2','a1881c06eec96db9901c7bbfe41c42a3f08e9cb4'),(3,'user3','0b7f849446d3383546d15a480966084442cd2193');
